Model,Accuracy,Precision,Recall,F1-score,F1
Logistic Regression,0.4209190851856118,0.28066447784477455,0.41053804620293344,0.332985909459734,
SVM,0.4310009981189297,0.4142254932269639,0.42341243119081734,,0.4037888823782779
