Model,Accuracy,Precision,Recall,F1-score,F1
Logistic Regression,0.4241111696627426,0.2828363171903802,0.4139021304316124,0.3356843332086307,
SVM,0.42705009147311485,0.410012799296938,0.41770636401771377,,0.3894778375462307
