Model,Accuracy,Precision,Recall,F1-score
Logistic Regression,0.4230512249443207,0.412669457870247,0.41871820191094933,0.3777216984613582
